{
	"numberHost": "5",
	"installerPath": "/tmp/apigee/apigee-edge-4.15.07.03.zip",
	"jdkFilePath": "/usr/java/default",
	"licenseFilePath": "LICENSE_FILE_PATH",
	"keyFilePath": "SSH_KEY_PATH",
	"loginUser": "LOGIN_USER_NAME",
	"instances": [{
		"name": "host1",
		"externalIP": "HOST1_INTERNALIP",
		"internalIP": "HOST1_INTERNALIP",
		"profiles": "ds,ld,ms"
	}, {
		"name": "host2",
		"externalIP": "HOST2_INTERNALIP",
		"internalIP": "HOST2_INTERNALIP",
		"profiles": "ds"
	}, {
		"name": "host3",
		"externalIP": "HOST3_INTERNALIP",
		"internalIP": "HOST3_INTERNALIP",
		"profiles": "ds"
	}, {
		"name": "host4",
		"externalIP": "HOST4_INTERNALIP",
		"internalIP": "HOST4_INTERNALIP",
		"profiles": "rmp"
	}, {
		"name": "host5",
		"externalIP": "HOST5_INTERNALIP",
		"internalIP": "HOST5_INTERNALIP",
		"profiles": "rmp"
	}],
	"adminEmail": "NOT_USED@apigee.com",
	"adminPassword": "NOT_USED",
	"ldapPassword": "NOT_USED",
	"smtpHost": "gmail-smtp-in.l.google.com",
	"mintPGuser": "NOT_USED",
	"mintPGpsw": "NOT_USED",
	"smtpEmail": "NOT_USED@apigee.com",
	"smtpPassword": "NOT_USED"
}